Date,SP500,AAPL,BA,BAC,C,F,GE,JPM,MSFT,WMT,XOM
20070103,1416.60,11.97,89.17,53.33,552.50,7.42,36.49,48.07,29.86,47.55,74.11
20070104,1418.34,12.23,89.53,53.67,550.60,7.61,36.28,48.19,29.81,47.78,72.72
20070105,1409.71,12.14,89.15,53.24,547.70,7.53,36.10,47.79,29.64,47.39,73.24
20070108,1412.84,12.20,88.94,53.45,550.50,7.64,36.09,47.95,29.93,47.00,72.65
20070109,1412.11,13.22,88.03,53.50,545.70,7.70,36.09,47.75,29.96,47.39,72.09
20070110,1414.85,13.85,89.27,53.58,541.30,7.64,36.10,48.10,29.66,47.28,70.99
20070111,1423.82,13.68,88.84,53.26,541.70,7.68,36.45,48.31,30.70,47.60,70.98
20070112,1430.73,13.51,88.13,53.38,543.80,7.80,36.42,47.99,31.21,47.98,72.66
20070116,1431.90,13.87,88.00,53.44,547.70,7.85,36.63,48.39,31.16,48.31,71.63
20070117,1430.62,13.56,88.83,53.32,543.90,7.95,36.50,48.43,31.10,48.20,72.46
20070118,1426.37,12.72,88.00,53.29,543.90,8.08,36.52,48.15,31.00,48.39,71.96
20070119,1430.50,12.64,88.63,53.59,545.00,8.20,35.51,48.76,31.11,48.31,73.53
20070122,1422.95,12.39,85.60,53.65,546.80,8.31,35.32,49.66,30.72,47.96,72.90
20070123,1427.99,12.24,87.36,53.32,544.90,8.20,35.13,49.83,30.74,47.81,74.49
20070124,1440.13,12.38,87.60,53.20,548.30,8.10,35.22,50.36,31.09,48.61,74.90
20070125,1423.90,12.32,86.16,52.40,539.30,8.12,34.93,50.21,30.45,48.15,73.52
20070126,1422.18,12.19,85.43,52.04,546.70,8.32,34.67,49.70,30.60,47.67,73.61
20070129,1420.62,12.27,85.50,51.46,540.60,8.27,34.78,49.47,30.53,47.63,73.20
20070130,1428.82,12.22,86.00,52.12,542.70,8.10,34.63,50.18,30.48,47.28,74.39
20070131,1438.24,12.24,89.56,52.58,551.30,8.03,34.65,50.93,30.86,47.69,74.10
20070201,1445.94,12.10,91.05,52.84,547.30,8.19,34.82,51.21,30.56,47.78,75.08
20070202,1448.39,12.10,90.05,52.74,546.60,8.13,34.86,50.93,30.19,48.08,75.54
20070205,1446.99,11.99,90.72,52.88,547.50,8.23,34.96,50.96,29.61,48.52,75.67
20070206,1448.00,12.02,90.98,53.21,549.50,8.44,34.90,51.00,29.51,48.58,75.46
20070207,1450.02,12.30,90.35,53.36,549.50,8.46,34.70,51.21,29.37,48.58,74.79
20070208,1448.31,12.31,89.52,53.32,544.40,8.45,34.35,50.93,29.26,48.31,75.46
20070209,1438.06,11.89,90.00,52.99,534.00,8.63,34.15,50.42,28.98,47.97,75.22
20070212,1433.37,12.12,89.20,53.04,534.30,8.55,34.25,50.44,28.94,47.74,74.60
20070213,1444.26,12.09,89.29,53.73,537.10,8.35,34.38,50.95,29.01,47.98,75.45
20070214,1455.30,12.18,89.94,54.05,541.80,8.41,34.96,51.42,29.40,47.87,75.60
20070215,1456.81,12.17,91.71,53.85,542.10,8.50,34.73,51.21,29.46,48.36,75.34
20070216,1455.54,12.11,90.94,54.05,541.00,8.43,34.48,51.25,28.74,48.48,75.29
20070220,1459.68,12.27,91.03,54.05,541.90,8.55,34.71,51.63,28.83,50.26,74.87
20070221,1457.63,12.74,90.96,53.91,537.50,8.37,34.51,51.65,29.35,49.97,74.78
20070222,1456.38,12.78,90.58,53.70,535.90,8.25,34.02,51.64,29.39,49.69,75.08
20070223,1451.19,12.72,90.28,52.86,537.70,8.20,33.73,51.03,28.90,49.57,75.22
20070226,1449.37,12.66,88.93,52.79,526.80,8.16,33.97,50.81,29.07,49.98,75.40
20070227,1399.04,11.98,87.20,50.80,506.00,7.69,33.31,49.22,27.87,48.20,71.83
20070228,1406.82,12.08,87.27,50.87,504.00,7.83,33.56,49.40,28.17,48.30,71.68
20070301,1403.17,12.43,87.85,50.38,510.80,7.68,33.64,49.20,28.09,47.89,70.99
20070302,1387.17,12.20,87.03,50.01,499.70,7.50,33.51,48.19,27.76,47.81,70.01
20070305,1374.12,12.33,87.02,49.64,492.50,7.49,33.21,47.54,27.54,47.47,69.98
20070306,1395.41,12.59,87.82,50.94,505.80,7.55,33.37,48.52,27.83,48.04,71.00
20070307,1391.97,12.53,88.71,50.59,502.20,7.53,32.99,48.36,27.61,47.93,71.64
20070308,1401.89,12.57,88.89,50.77,505.00,7.84,33.11,48.74,27.32,47.88,71.85
20070309,1402.85,12.56,89.51,50.95,503.30,7.84,32.99,48.82,27.29,47.42,71.12
20070312,1406.60,12.83,91.20,51.09,503.60,7.73,33.10,48.84,27.44,47.26,70.87
20070313,1377.95,12.62,89.45,49.46,487.50,7.55,32.76,46.70,26.72,46.18,69.91
20070314,1387.17,12.85,89.98,49.77,490.80,7.42,32.98,47.30,27.40,45.73,71.02
20070315,1392.28,12.79,91.04,50.10,501.30,7.50,33.18,47.70,27.28,46.00,70.69
20070316,1386.95,12.79,90.00,49.62,495.30,7.46,33.02,47.03,27.33,46.21,69.86
20070319,1402.06,13.01,90.32,50.37,500.60,7.73,33.32,47.58,27.83,46.59,71.10
20070320,1410.94,13.06,90.16,50.76,506.40,7.79,33.42,47.75,27.84,47.30,72.00
20070321,1435.04,13.40,90.80,51.86,520.30,7.92,34.10,49.05,28.52,47.77,73.23
20070322,1434.54,13.42,90.57,51.64,518.40,7.98,34.42,48.47,28.27,48.01,74.36
20070323,1436.11,13.35,90.98,51.69,517.20,7.80,34.43,48.52,28.02,47.91,74.98
20070326,1437.50,13.69,90.83,51.56,515.40,7.78,34.60,48.70,28.22,47.84,75.47
20070327,1428.61,13.63,90.52,51.84,510.60,7.76,34.40,48.57,27.72,47.49,75.71
20070328,1417.23,13.31,89.45,50.77,509.60,7.89,34.17,47.99,27.64,46.64,75.56
20070329,1422.53,13.39,89.76,51.19,514.00,7.86,34.17,48.50,27.75,46.72,76.24
20070330,1420.86,13.27,88.91,51.02,513.40,7.80,33.98,48.38,27.87,46.95,75.45
20070402,1424.55,13.37,88.83,50.43,510.50,7.99,33.92,48.24,27.74,47.40,76.16
20070403,1437.77,13.49,89.90,50.86,514.10,7.98,33.95,48.56,27.87,48.10,76.80
20070404,1439.37,13.46,90.27,50.89,513.60,7.95,33.74,48.56,28.50,48.05,77.11
20070405,1443.76,13.52,90.50,50.85,515.70,7.92,33.66,48.77,28.55,48.27,77.22
20070409,1444.61,13.37,90.03,50.86,515.80,7.98,33.43,49.00,28.57,48.47,76.80
20070410,1448.39,13.46,90.84,51.07,524.00,8.09,33.52,49.24,28.40,47.94,77.57
20070411,1438.87,13.22,89.97,50.51,518.00,8.03,33.59,49.15,28.11,47.27,76.77
20070412,1447.80,13.16,90.85,50.28,516.50,7.99,33.81,49.20,28.54,47.26,77.39
20070413,1452.85,12.89,91.03,50.42,516.00,7.93,34.00,49.09,28.61,47.41,77.41
20070416,1468.47,13.06,90.31,51.23,529.30,7.94,33.98,49.97,28.73,48.07,78.17
20070417,1471.48,12.90,90.45,51.30,525.30,7.76,33.83,50.18,28.85,48.17,78.40
20070418,1472.50,12.91,93.88,51.82,529.90,7.73,33.76,52.07,28.60,47.97,78.20
20070419,1470.73,12.89,92.99,50.91,530.90,7.65,33.64,52.09,28.69,48.34,77.46
20070420,1484.35,12.99,93.29,51.04,534.20,7.66,33.76,52.54,29.02,49.76,79.76
20070423,1480.93,13.35,93.64,50.51,531.10,7.74,33.45,52.28,28.78,48.93,79.20
20070424,1480.41,13.31,93.67,50.62,528.10,7.73,33.41,52.16,28.79,48.69,78.60
20070425,1495.42,13.62,94.69,51.23,538.00,7.79,34.03,52.82,28.99,48.81,79.92
20070426,1494.25,14.11,94.26,50.72,535.60,8.10,34.45,52.94,29.10,48.70,80.55
20070427,1494.07,14.27,94.02,50.77,533.70,7.96,35.41,52.55,30.12,48.34,80.36
20070430,1482.37,14.25,93.00,50.90,536.20,7.95,35.43,52.10,29.94,47.92,79.38
20070501,1486.30,14.20,93.23,50.93,542.00,7.96,35.66,52.26,30.40,48.33,79.66
20070502,1495.92,14.34,93.83,51.01,543.00,8.07,35.86,52.55,30.61,48.28,79.82
20070503,1502.39,14.34,93.85,51.23,539.50,8.09,35.89,52.70,30.97,48.36,80.68
20070504,1505.62,14.40,93.61,51.24,540.90,8.12,35.71,52.63,30.56,48.27,80.55
20070507,1509.48,14.84,94.56,51.42,538.80,8.06,35.79,52.73,30.71,48.61,80.83
20070508,1507.72,15.00,94.21,51.40,537.20,8.27,35.64,52.45,30.75,48.10,81.38
20070509,1512.58,15.26,94.08,51.45,541.20,8.25,35.81,53.20,30.77,47.93,81.42
20070510,1491.47,15.33,92.80,50.58,532.00,8.14,35.35,52.00,30.58,47.75,79.39
20070511,1505.85,15.53,93.40,50.95,531.10,8.27,35.53,52.15,30.89,47.78,81.18
20070514,1503.15,15.62,93.56,50.78,528.60,8.61,35.18,51.83,30.97,47.84,81.25
20070515,1501.19,15.35,94.34,50.94,527.90,8.81,35.22,52.03,30.90,47.62,81.13
20070516,1514.14,15.33,95.34,51.12,549.10,8.66,35.40,52.98,31.07,47.18,81.45
20070517,1512.75,15.63,96.84,51.13,547.80,8.65,35.11,52.56,30.98,47.11,81.80
20070518,1522.75,15.71,96.63,51.28,550.00,8.59,35.52,52.54,30.83,47.27,83.26
20070521,1525.10,15.99,96.90,51.23,548.40,8.68,35.66,52.56,31.05,46.62,83.59
20070522,1524.12,16.21,96.48,51.50,550.80,8.58,35.89,52.29,30.69,46.54,82.77
20070523,1522.28,16.12,95.57,51.35,550.10,8.66,36.14,51.99,30.58,46.33,82.99
20070524,1507.51,15.81,97.42,51.05,549.30,8.39,35.93,51.59,30.17,46.65,82.28
20070525,1515.73,16.23,98.25,51.20,551.20,8.35,36.10,51.64,30.48,46.91,83.51
20070529,1518.11,16.33,98.50,51.19,549.10,8.30,35.95,51.82,30.79,46.94,82.62
20070530,1530.23,16.96,100.55,50.81,552.00,8.40,36.26,52.06,31.11,47.12,84.00
20070531,1530.62,17.31,100.59,50.71,544.90,8.24,36.12,51.83,30.69,47.60,83.17
20070601,1536.34,16.91,99.83,50.78,545.10,8.25,35.99,51.90,30.59,49.47,84.22
20070604,1539.18,17.33,99.98,50.85,541.50,8.17,36.34,51.57,30.71,51.21,84.22
20070605,1530.95,17.52,99.50,50.66,539.00,8.21,35.95,51.22,30.58,50.52,84.26
20070606,1517.38,17.66,98.29,50.33,533.30,8.16,35.84,50.56,30.29,50.75,83.62
20070607,1490.72,17.72,96.84,49.79,525.20,7.97,35.33,49.82,29.62,49.76,81.96
20070608,1507.67,17.78,98.19,50.26,533.30,8.14,35.87,50.41,30.05,50.08,82.68
20070611,1509.12,17.16,97.55,50.05,534.70,8.30,36.00,50.43,30.02,49.81,83.06
20070612,1493.00,17.19,96.48,49.66,526.00,8.22,35.61,49.35,29.85,48.91,82.00
20070613,1515.67,16.78,98.47,50.36,536.80,8.46,36.18,50.29,30.39,49.50,83.35
20070614,1522.97,16.96,98.97,50.08,536.70,8.56,36.33,50.32,30.52,49.28,84.77
20070615,1532.91,17.21,98.15,50.08,539.80,8.82,36.64,50.56,30.49,49.34,85.94
20070618,1531.05,17.86,97.40,49.91,539.60,8.75,36.59,50.43,30.51,49.11,86.36
20070619,1533.70,17.66,96.92,50.55,542.60,8.55,37.76,50.85,30.46,48.81,85.84
20070620,1512.84,17.36,96.08,49.98,534.40,8.76,37.55,49.46,30.01,48.59,82.82
20070621,1522.19,17.69,97.20,49.89,536.60,8.81,37.29,49.84,30.22,48.39,84.30
20070622,1502.56,17.57,95.92,48.95,524.10,9.02,36.75,48.72,29.49,47.83,82.52
20070625,1497.74,17.47,95.57,48.85,516.90,8.92,36.72,48.36,29.49,47.82,82.37
20070626,1492.89,17.09,94.98,48.80,511.50,8.86,36.54,48.60,29.52,47.97,81.82
20070627,1506.34,17.41,94.65,49.19,518.10,9.17,36.58,49.24,29.87,48.46,83.48
20070628,1505.71,17.22,95.16,49.09,518.10,9.38,36.64,48.96,29.83,48.21,83.60
20070629,1503.35,17.43,96.16,48.89,512.90,9.31,36.79,48.45,29.47,48.11,83.88
20070702,1519.43,17.32,96.77,49.32,516.40,9.53,36.77,49.15,29.74,48.33,84.82
20070703,1524.87,18.16,97.65,49.55,518.60,9.31,37.20,49.34,30.02,48.47,85.36
20070705,1525.40,18.96,98.36,49.37,517.00,9.04,37.04,48.79,29.99,48.09,85.16
20070706,1530.44,18.89,98.88,49.15,517.00,9.00,36.98,48.97,29.97,48.38,86.46
20070709,1531.85,18.61,99.90,48.81,516.00,8.97,37.12,48.79,29.87,48.50,87.44
20070710,1510.12,18.90,100.25,48.36,510.00,8.98,36.43,47.51,29.33,47.58,86.50
20070711,1518.76,18.91,100.12,48.51,514.10,8.80,36.71,48.13,29.49,47.68,87.29
20070712,1547.70,19.15,100.78,49.53,528.40,8.86,37.48,49.53,30.07,48.83,89.62
20070713,1552.50,19.67,101.88,49.50,525.20,8.86,37.96,50.05,29.82,49.15,90.33
20070716,1549.52,19.72,102.07,49.62,521.90,8.76,38.56,49.83,30.03,48.94,89.70
20070717,1549.37,19.84,102.05,49.80,524.60,8.63,39.13,49.92,30.77,48.35,89.09
20070718,1546.17,19.73,101.82,49.36,516.00,8.53,38.88,48.74,30.92,48.04,91.15
20070719,1553.08,19.99,102.48,49.27,511.30,8.53,39.13,48.62,31.51,48.79,92.29
20070720,1534.10,20.53,103.86,48.31,507.30,8.30,38.56,47.56,31.16,48.06,91.94
20070723,1541.57,20.52,104.04,48.15,508.60,8.36,39.23,47.15,31.19,48.11,93.44
20070724,1511.04,19.26,103.80,47.15,493.10,8.16,38.66,45.34,30.80,48.02,90.84
20070725,1518.09,19.60,107.23,47.93,492.50,7.88,38.85,45.27,30.71,47.87,92.79
20070726,1482.66,20.85,103.70,47.23,478.10,7.99,37.99,44.08,29.98,46.82,88.23
20070727,1458.95,20.54,103.71,47.41,469.70,8.13,37.28,44.23,29.39,45.94,85.59
20070730,1473.91,20.20,105.54,47.70,471.90,8.64,37.74,44.75,29.40,46.21,86.01
20070731,1455.27,18.82,103.43,47.42,465.70,8.41,37.25,44.01,28.99,45.95,85.13
20070801,1465.81,19.28,104.53,47.63,468.50,8.33,37.44,44.38,29.30,46.22,85.84
20070802,1472.20,19.49,105.93,47.78,472.40,8.30,37.51,44.59,29.52,46.73,85.18
20070803,1433.06,18.83,104.24,47.00,457.20,7.97,36.58,43.65,28.96,45.52,82.08
20070806,1467.67,19.32,104.34,48.16,483.50,8.09,37.58,45.11,29.54,47.02,83.54
20070807,1476.71,19.28,103.22,48.67,485.90,8.20,37.95,45.34,29.55,47.06,85.70
20070808,1497.49,19.14,102.72,49.70,494.90,8.77,38.89,46.51,30.00,48.42,87.90
20070809,1453.09,18.05,98.30,48.35,469.00,8.28,37.43,44.17,29.30,46.45,83.60
20070810,1453.64,17.85,98.44,48.59,470.00,8.13,36.74,44.25,28.71,46.07,84.51
20070813,1452.92,18.25,100.05,48.50,465.40,8.27,36.69,43.83,28.63,46.17,82.92
20070814,1426.54,17.71,97.63,47.86,456.60,7.97,36.21,43.30,28.27,43.82,83.13
20070815,1406.70,17.12,95.51,48.23,456.10,7.91,35.47,43.00,28.10,43.28,81.69
20070816,1411.27,16.72,92.74,49.85,475.50,7.61,35.75,45.47,27.81,43.50,80.67
20070817,1445.94,17.43,95.93,51.76,488.10,7.74,36.96,47.01,28.25,43.49,84.14
20070820,1445.55,17.45,97.21,51.35,483.90,7.91,36.73,46.49,28.26,43.59,84.53
20070821,1447.12,18.22,96.95,51.30,480.60,7.83,36.86,46.20,28.07,43.70,83.15
20070822,1464.07,18.92,97.99,51.65,484.30,7.76,37.62,46.00,28.22,43.75,83.58
20070823,1462.50,18.72,96.74,51.83,483.50,7.66,37.60,45.67,28.30,43.17,83.75
20070824,1479.37,19.32,98.47,51.87,485.00,7.81,37.88,45.95,28.81,43.74,85.69
20070827,1466.79,18.89,98.54,50.87,477.90,7.71,37.48,44.91,28.49,43.82,85.12
20070828,1432.36,18.11,95.65,49.66,461.40,7.42,36.57,43.60,27.93,43.40,83.00
20070829,1463.76,19.15,96.90,50.55,469.50,7.63,37.21,44.13,28.59,44.19,85.23
20070830,1457.64,19.46,96.85,50.21,462.30,7.58,36.91,43.97,28.45,43.32,85.40
20070831,1473.99,19.78,96.70,50.68,468.80,7.72,37.36,44.52,28.73,43.63,85.73
20070904,1489.42,20.59,95.92,51.08,472.10,7.90,37.52,45.30,28.81,43.30,87.23
20070905,1472.29,19.53,95.84,49.95,460.00,7.68,37.24,44.17,28.48,42.45,87.22
20070906,1478.55,19.28,96.20,49.79,456.60,7.69,37.87,44.21,28.91,42.76,87.49
20070907,1453.55,18.82,94.84,49.02,454.80,7.43,37.24,43.52,28.44,42.39,85.75
20070910,1451.70,19.52,95.33,48.96,453.00,7.43,37.67,43.93,28.48,42.27,84.86
20070911,1471.49,19.35,97.44,49.45,460.10,7.49,37.96,44.54,28.93,42.94,86.94
20070912,1471.56,19.54,98.32,49.39,457.60,7.41,38.35,44.47,28.93,42.71,87.65
20070913,1483.95,19.59,98.95,49.86,463.60,7.83,38.94,45.60,29.16,43.06,88.62
20070914,1484.25,19.82,99.35,49.95,466.40,7.94,38.78,45.54,29.04,43.32,88.67
20070917,1476.65,19.77,98.64,49.51,460.30,8.18,38.62,45.29,28.73,43.32,89.26
20070918,1519.78,20.13,98.54,51.23,484.40,8.32,40.06,47.82,28.93,44.44,91.76
20070919,1529.03,20.10,100.02,51.07,482.70,8.30,40.15,47.57,28.67,44.75,92.12
20070920,1518.75,20.04,101.25,50.79,472.00,8.15,39.64,46.96,28.42,44.32,92.09
20070921,1525.75,20.59,102.59,51.24,475.10,8.13,39.65,47.13,28.64,44.23,92.31
20070924,1517.73,21.18,103.05,50.59,465.90,8.38,39.26,46.34,29.08,43.97,91.73
20070925,1517.21,21.88,104.93,50.22,463.10,8.24,39.50,46.10,29.55,43.16,91.96
20070926,1525.42,21.82,104.45,50.41,465.50,8.78,39.67,46.13,29.50,43.30,92.37
20070927,1531.38,22.07,105.46,50.60,468.80,8.53,39.78,46.21,29.49,43.61,92.97
20070928,1526.75,21.92,104.99,50.27,466.70,8.39,39.79,45.82,29.46,43.65,92.56
20071001,1547.04,22.33,106.65,50.64,477.20,8.13,40.39,46.81,29.77,44.47,93.95
20071002,1546.63,22.63,105.93,51.72,478.60,8.47,40.48,47.16,29.70,44.87,92.24
20071003,1539.59,22.55,104.72,51.93,478.90,8.33,39.93,47.00,29.45,45.13,91.33
20071004,1542.84,22.31,104.50,52.40,476.30,8.16,40.08,47.25,29.71,45.00,90.92
20071005,1557.59,23.06,102.25,52.71,483.00,8.27,40.15,47.58,29.84,45.37,91.36
20071008,1552.58,23.98,101.07,52.43,478.00,8.09,39.92,47.44,29.84,45.27,90.68
20071009,1565.15,23.97,101.45,52.57,476.20,8.22,40.39,47.57,30.09,45.21,92.67
20071010,1562.47,23.82,98.68,52.30,471.40,8.13,40.18,46.91,30.23,45.59,93.13
20071011,1554.41,23.17,96.26,52.42,483.20,8.66,39.98,46.66,29.91,46.90,92.66
20071012,1561.80,23.89,96.69,52.07,478.70,9.09,39.44,46.82,30.17,47.06,93.48
20071015,1548.71,23.85,94.83,51.42,462.40,8.88,39.23,46.27,30.04,46.45,94.82
20071016,1538.53,24.22,95.94,50.20,447.90,8.68,39.19,45.11,30.32,45.86,94.74
20071017,1541.24,24.67,95.59,50.03,446.60,8.59,39.41,46.37,31.08,45.99,94.80
20071018,1540.08,24.78,96.94,48.85,438.30,8.66,39.20,45.90,31.16,45.89,95.05
20071019,1500.63,24.34,93.90,47.57,423.60,8.27,38.48,45.02,30.17,44.98,92.14
20071022,1506.33,24.90,94.93,47.78,426.10,8.24,38.61,45.37,30.51,45.25,90.91
20071023,1519.59,26.59,94.95,47.78,424.40,8.55,38.91,45.94,30.90,43.93,91.35
20071024,1515.88,26.56,94.26,47.48,418.20,8.49,38.67,46.27,31.25,43.87,92.13
20071025,1514.40,26.11,96.00,47.00,412.30,8.50,38.60,46.05,31.99,43.88,91.57
20071026,1535.28,26.38,96.02,48.03,426.30,8.57,38.81,47.32,35.03,44.64,92.21
20071029,1540.98,26.44,96.99,47.98,426.90,8.67,38.98,46.67,34.57,45.01,93.61
20071030,1531.02,26.71,97.33,47.99,421.10,8.70,38.91,46.56,35.57,45.37,91.14
20071031,1549.38,27.13,98.59,48.28,419.00,8.77,39.56,47.00,36.81,45.21,91.99
20071101,1508.44,26.77,96.60,45.71,385.10,8.40,38.77,44.35,37.06,44.02,88.50
20071102,1509.65,26.83,97.76,45.11,377.30,8.85,38.76,43.15,37.06,44.19,87.93
20071105,1502.17,26.59,97.97,44.45,359.00,8.57,38.64,42.77,36.73,44.03,87.66
20071106,1520.27,27.39,97.70,45.56,350.80,8.53,38.62,44.11,36.41,44.29,90.38
20071107,1475.62,26.61,96.89,43.31,334.10,8.14,37.56,42.24,35.52,43.93,87.20
20071108,1474.77,25.06,96.28,43.50,329.00,8.38,37.50,42.61,34.74,43.62,89.42
20071109,1453.70,23.62,94.21,43.98,331.00,8.10,36.89,42.31,33.73,42.90,86.85
20071112,1439.18,21.96,92.86,43.98,335.70,7.78,36.76,42.39,33.38,43.32,84.54
20071113,1481.05,24.27,93.70,46.27,359.00,7.91,37.69,45.05,34.46,45.97,86.88
20071114,1470.58,23.72,92.79,45.73,360.40,7.89,37.49,45.15,33.93,46.51,86.31
20071115,1451.15,23.47,91.34,44.08,345.80,7.69,36.82,43.53,33.76,46.20,84.49
20071116,1458.74,23.76,89.99,44.37,340.00,7.61,37.15,43.09,34.09,46.34,85.10
20071119,1433.27,23.42,88.27,42.82,320.00,7.25,36.68,41.37,33.96,45.47,84.11
20071120,1439.70,24.12,87.86,42.77,314.00,7.15,36.56,41.63,34.58,45.50,87.82
20071121,1416.77,24.06,87.41,42.14,307.30,6.87,35.72,40.68,34.23,44.86,87.04
20071123,1440.70,24.50,89.54,43.15,317.00,7.10,36.21,41.95,34.11,45.73,88.29
20071126,1407.22,24.64,90.07,41.88,298.00,6.93,35.30,40.46,32.97,45.03,85.68
20071127,1428.23,24.97,91.73,42.94,302.60,6.99,35.99,42.35,33.06,45.83,86.38
20071128,1469.02,25.74,93.61,44.85,322.90,7.27,36.96,43.96,33.70,47.23,87.92
20071129,1469.72,26.32,93.21,44.63,322.90,7.20,36.66,43.65,33.59,47.54,88.59
20071130,1481.14,26.03,92.54,46.13,333.00,7.42,36.80,45.62,33.60,47.90,89.16
20071203,1472.42,25.55,91.79,45.47,330.60,7.16,35.49,45.21,32.92,47.87,88.85
20071204,1462.79,25.68,89.99,44.71,325.50,6.89,34.84,44.15,32.77,48.19,88.12
20071205,1485.01,26.49,90.70,45.23,336.90,6.90,35.28,44.90,34.15,48.90,89.92
20071206,1507.34,27.13,91.78,45.96,343.50,6.98,35.81,46.21,34.55,49.27,91.44
20071207,1504.66,27.75,93.16,45.37,343.10,6.98,35.78,46.08,34.53,49.02,91.50
20071210,1515.96,27.74,92.64,46.64,347.70,7.06,35.96,47.42,34.76,49.43,92.03
20071211,1477.65,26.93,88.70,44.65,333.00,6.89,35.59,45.94,34.10,49.03,90.28
20071212,1486.59,27.26,86.92,43.43,314.70,6.98,35.80,46.15,34.47,48.23,91.92
20071213,1488.41,27.40,88.55,43.05,310.10,6.91,36.12,45.76,35.22,48.33,92.72
20071214,1467.95,27.19,88.42,42.16,307.00,6.81,35.47,45.20,35.31,47.63,91.18
20071217,1445.90,26.34,87.40,41.70,307.70,6.72,35.06,44.53,34.39,47.83,89.89
20071218,1454.98,26.13,87.17,41.50,303.80,6.73,35.37,43.90,34.74,48.24,91.42
20071219,1453.00,26.15,86.62,41.59,302.10,6.68,35.15,43.98,34.79,48.08,91.43
20071220,1460.12,26.74,87.19,41.41,299.30,6.71,35.10,43.33,35.52,47.85,92.13
20071221,1484.46,27.70,89.07,41.92,302.40,6.71,35.70,44.11,36.06,48.21,93.43
20071224,1496.45,28.39,90.02,42.28,309.80,6.67,36.07,44.83,36.58,48.74,93.66
20071226,1497.66,28.42,90.00,42.30,304.50,6.81,36.09,44.94,36.61,48.38,94.81
20071227,1476.37,28.36,88.88,41.46,295.60,6.76,35.74,43.64,35.97,47.77,93.67
20071228,1478.49,28.54,88.25,41.10,292.90,6.62,35.89,43.26,36.12,48.08,95.00
20071231,1468.36,28.29,87.46,41.26,294.40,6.65,35.63,43.65,35.60,47.53,93.69
20080102,1447.16,27.83,86.62,40.56,289.20,6.52,35.33,42.17,35.22,46.90,93.51
20080103,1447.16,27.84,86.98,40.30,289.30,6.37,35.37,41.88,35.37,46.38,93.83
20080104,1411.63,25.72,85.82,39.85,282.40,6.06,34.64,40.93,34.38,45.72,92.08
20080107,1416.18,25.37,82.87,39.90,282.60,6.09,34.77,41.34,34.61,46.56,91.22
20080108,1390.19,24.46,79.65,38.41,271.20,6.06,34.00,39.62,33.45,45.95,90.18
20080109,1409.13,25.62,80.30,38.74,274.90,6.00,34.41,40.26,34.44,46.90,91.56
20080110,1420.33,25.43,82.36,39.30,281.10,6.18,34.52,41.33,34.33,48.40,91.66
20080111,1401.02,24.66,80.52,38.50,285.60,5.99,33.80,40.86,33.91,47.72,90.30
20080114,1416.25,25.53,81.67,39.22,290.60,6.11,34.08,41.36,34.39,47.67,90.83
20080115,1380.95,24.14,77.86,37.88,269.40,5.90,33.19,39.17,34.00,46.99,89.02
20080116,1373.20,22.80,79.87,38.69,262.40,5.79,33.22,41.43,33.23,47.49,86.53
20080117,1333.25,22.98,79.52,36.91,249.40,5.69,31.92,40.04,33.11,47.48,83.91
20080118,1325.19,23.05,78.40,35.97,244.50,5.85,32.98,39.59,33.01,47.58,85.08
20080122,1310.50,22.23,77.60,37.39,244.20,5.86,32.73,40.86,31.99,49.15,82.45
20080123,1338.60,19.86,76.46,40.67,263.20,6.20,33.25,45.67,31.93,50.12,83.36
20080124,1352.07,19.37,77.62,39.90,273.30,6.19,33.30,44.96,33.25,48.91,86.00
20080125,1330.61,18.57,77.03,39.48,266.40,6.50,32.68,43.64,32.94,48.09,83.94
20080128,1353.97,18.57,77.60,41.20,276.50,6.59,33.37,45.57,32.72,48.71,85.13
20080129,1362.30,18.79,80.96,41.94,279.10,6.61,33.41,47.45,32.60,49.01,85.08
20080130,1355.81,18.88,82.92,42.21,278.70,6.67,33.63,47.35,32.20,49.16,85.28
20080131,1378.55,19.33,83.18,44.35,282.20,6.56,34.03,47.55,32.60,50.88,86.40
20080201,1395.42,19.10,82.76,45.03,296.90,6.77,34.75,48.25,30.44,51.18,85.95
20080204,1380.82,18.80,82.90,44.03,292.20,6.60,33.99,46.22,30.19,50.07,85.44
20080205,1336.64,18.47,81.69,42.37,270.50,6.35,32.88,43.89,29.07,49.56,82.11
20080206,1326.45,17.42,79.91,42.33,269.20,6.23,32.87,43.72,28.52,48.83,81.44
20080207,1336.91,17.31,79.75,43.37,267.00,6.10,32.90,45.11,28.12,49.84,81.89
20080208,1331.29,17.92,79.33,42.16,260.30,6.01,32.52,43.82,28.56,48.76,81.71
20080211,1339.13,18.49,81.13,42.14,258.10,6.31,32.69,43.35,28.21,49.60,83.22
20080212,1348.86,17.83,83.56,42.82,262.10,6.38,33.03,43.31,28.34,50.25,84.38
20080213,1367.21,18.48,85.48,43.33,263.40,6.50,33.62,44.10,28.96,50.66,85.49
20080214,1348.86,18.20,85.22,42.24,257.40,6.38,33.05,42.61,28.50,49.97,85.55
20080215,1349.99,17.80,85.18,42.70,254.80,6.37,33.03,43.25,28.42,49.44,85.37
20080219,1348.78,17.45,85.37,42.67,253.20,6.40,32.95,42.83,28.17,49.66,87.01
20080220,1360.03,17.68,84.00,42.97,254.90,6.33,33.02,43.15,28.22,49.70,88.10
20080221,1342.53,17.36,82.01,42.21,250.50,6.16,32.38,43.07,28.10,49.79,86.92
20080222,1353.11,17.06,83.04,42.60,251.20,6.18,32.24,43.93,27.68,49.97,87.17
20080225,1371.80,17.10,84.66,42.94,247.40,6.38,32.88,44.03,27.84,50.33,89.13
20080226,1381.29,17.02,84.57,42.72,249.50,6.44,32.62,43.72,28.38,51.40,89.89
20080227,1380.02,17.56,83.95,42.88,257.20,6.52,32.70,44.41,28.26,51.43,89.39
20080228,1367.68,18.55,84.80,41.42,250.10,6.54,32.53,42.44,27.93,50.70,89.38
20080229,1330.63,17.85,82.79,39.74,237.10,6.45,31.85,40.65,27.19,49.59,87.01
20080303,1331.34,17.38,80.67,39.18,230.90,6.11,32.10,39.82,26.99,49.89,87.75
20080304,1326.75,17.80,79.62,38.78,221.00,6.06,32.22,39.19,27.59,49.87,86.69
20080305,1333.70,17.78,80.78,37.55,221.50,6.05,32.36,38.69,28.11,49.59,87.19
20080306,1304.34,17.27,79.51,36.52,211.70,5.87,31.58,37.37,27.57,49.98,84.51
20080307,1293.37,17.46,76.60,36.74,209.10,5.71,30.98,37.56,27.87,49.90,82.49
20080310,1273.37,17.09,74.38,35.31,196.90,5.53,30.47,36.48,28.05,48.85,82.46
20080311,1320.65,18.19,73.40,37.72,214.90,5.83,32.10,38.84,29.28,50.25,86.68
20080312,1308.77,18.00,72.45,37.03,212.10,5.63,32.64,38.61,28.63,50.29,85.97
20080313,1315.48,18.27,74.18,37.14,210.70,5.32,32.92,38.11,28.62,50.60,87.05
20080314,1288.14,18.08,76.11,35.69,198.10,5.23,32.50,36.54,27.96,49.82,85.91
20080317,1276.60,18.10,75.49,35.96,186.20,5.05,32.99,40.31,28.30,49.95,85.79
20080318,1330.74,18.97,76.53,38.93,207.10,5.23,34.73,42.71,29.42,50.98,88.47
20080319,1298.42,18.52,73.45,38.56,204.10,5.38,34.21,42.47,28.62,50.78,84.43
20080320,1329.51,19.03,74.80,41.86,225.00,5.55,36.03,45.97,29.18,53.23,85.00
20080324,1349.88,19.93,76.29,42.45,232.90,5.89,35.97,46.55,29.17,53.62,85.80
20080325,1352.99,20.13,75.90,40.97,234.20,5.93,35.82,46.06,29.14,53.05,85.20
20080326,1341.13,20.72,76.30,39.84,220.50,5.81,35.69,44.11,28.56,52.90,86.26
20080327,1325.76,20.03,74.22,38.64,217.90,5.76,35.40,42.86,28.05,52.37,86.20
20080328,1315.22,20.42,73.47,38.07,208.30,5.52,35.19,42.71,27.91,52.12,85.22
20080331,1322.70,20.49,74.37,37.91,214.20,5.65,35.57,42.95,28.38,52.68,84.58
20080401,1370.18,21.36,75.88,40.86,238.40,5.90,36.94,47.00,29.49,54.08,87.02
20080402,1367.53,21.06,76.85,40.30,240.20,6.06,36.54,46.24,29.16,54.46,88.52
20080403,1369.31,21.65,76.14,40.37,243.60,6.38,36.37,46.28,29.00,54.93,88.23
20080404,1370.40,21.86,75.65,39.41,240.80,6.41,36.10,45.57,29.16,54.40,88.74
20080407,1372.54,22.26,74.98,39.50,246.00,6.65,35.81,45.54,29.16,54.23,88.92
20080408,1365.54,21.83,75.02,38.38,237.60,6.83,35.51,44.86,28.75,54.45,89.61
20080409,1354.49,21.63,78.60,37.93,235.80,6.64,35.02,44.30,28.89,54.14,89.70
20080410,1360.55,22.07,78.43,37.69,237.10,6.66,35.32,43.86,29.11,54.66,89.55
20080411,1332.83,21.01,76.86,36.94,233.60,6.61,30.80,42.53,28.28,54.80,88.62
20080414,1328.32,21.11,77.22,35.58,225.10,6.70,30.51,41.50,28.06,55.15,89.70
20080415,1334.43,21.19,75.70,35.58,228.00,6.80,30.74,42.12,28.25,56.27,90.80
20080416,1364.71,21.95,76.67,36.98,234.40,7.10,30.98,44.96,28.95,57.06,92.89
20080417,1365.56,22.06,76.91,37.47,240.30,7.17,30.77,45.12,29.22,56.67,93.38
20080418,1390.33,23.00,78.66,38.56,251.10,7.36,31.42,45.76,30.00,56.31,94.00
20080421,1388.17,24.02,79.09,37.61,250.30,7.64,31.20,45.23,30.42,56.38,94.26
20080422,1375.94,22.88,78.56,37.00,251.20,7.56,31.07,45.65,30.25,56.55,94.39
20080423,1379.93,23.26,82.09,36.86,246.30,7.43,31.10,45.15,31.45,56.92,94.22
20080424,1388.82,24.13,83.00,37.87,257.60,8.30,31.53,46.97,31.80,57.45,92.60
20080425,1397.84,24.24,84.84,38.30,266.00,7.41,32.03,47.79,29.83,57.65,92.46
20080428,1396.37,24.60,84.98,38.18,268.10,8.11,31.88,47.34,28.99,57.35,92.45
20080429,1390.94,25.00,85.53,37.86,263.20,8.02,31.54,47.08,28.64,58.61,91.79
20080430,1385.59,24.84,84.86,37.54,252.70,8.16,31.43,47.65,28.52,57.98,93.07
20080501,1409.34,25.71,85.41,39.39,259.90,8.38,31.83,49.25,29.40,58.07,89.70
20080502,1413.90,25.84,85.69,39.79,263.90,8.17,32.04,48.66,29.24,57.50,89.61
20080505,1407.49,26.38,85.92,38.97,257.50,8.23,31.89,48.00,29.08,56.97,89.51
20080506,1418.26,26.66,86.15,39.24,258.70,8.17,31.72,48.20,29.70,56.35,90.07
20080507,1392.57,26.08,84.55,38.00,244.80,7.87,31.30,46.57,29.21,56.83,88.82
20080508,1397.68,26.43,84.76,37.33,243.00,8.10,31.32,46.05,29.27,57.16,89.93
20080509,1388.28,26.20,84.06,36.65,236.30,8.00,31.01,46.57,29.39,57.18,88.82
20080512,1403.58,26.87,84.80,37.44,236.40,8.05,31.14,47.24,29.99,58.02,89.19
20080513,1403.04,27.13,85.08,36.61,230.30,8.13,31.07,45.48,29.78,56.65,89.68
20080514,1408.66,26.60,85.69,36.80,232.50,8.04,31.25,45.91,29.93,57.45,89.91
20080515,1423.57,27.10,85.55,36.71,237.30,8.07,31.11,47.02,30.45,57.12,91.30
20080516,1425.35,26.80,85.17,36.17,231.20,8.02,30.88,46.53,29.99,57.04,92.67
20080519,1426.63,26.22,87.07,36.10,229.90,7.93,31.14,45.99,29.46,56.40,94.36
20080520,1413.40,26.55,85.14,35.39,221.10,7.91,30.49,43.70,28.76,55.95,94.56
20080521,1390.71,25.45,81.19,34.63,210.60,7.71,29.78,42.42,28.25,55.23,93.67
20080522,1394.35,25.29,81.41,34.73,217.20,7.08,29.80,43.05,28.47,56.05,92.51
20080523,1375.93,25.88,81.48,33.93,211.20,6.79,29.25,42.32,28.05,55.75,90.70
20080527,1385.35,26.63,82.87,34.17,216.60,6.72,29.22,43.01,28.44,56.40,89.80
20080528,1390.84,26.71,82.13,33.87,216.00,6.70,29.36,42.86,28.18,57.09,90.43
20080529,1398.26,26.66,82.11,34.60,220.40,6.63,29.45,43.57,28.31,57.94,89.35
20080530,1400.38,26.96,82.77,34.01,218.90,6.72,29.52,43.00,28.32,57.74,88.76
20080602,1385.67,26.58,81.15,33.58,214.60,6.56,29.23,42.15,27.80,57.20,87.81
20080603,1377.65,26.48,78.12,33.31,214.20,6.60,29.27,41.89,27.31,57.77,85.71
20080604,1377.20,26.45,78.02,31.99,210.80,6.38,29.27,41.63,27.54,57.68,85.75
20080605,1404.05,27.06,77.31,31.99,212.20,6.32,29.85,42.10,28.30,59.80,89.31
20080606,1360.68,26.51,73.16,30.50,200.60,5.97,28.85,40.09,27.49,58.37,86.79
20080609,1361.76,25.94,73.95,29.61,196.00,6.28,28.89,37.51,27.71,59.57,89.07
20080610,1358.44,26.51,73.67,29.62,202.60,6.05,29.15,38.29,27.89,59.78,87.89
20080611,1335.49,25.82,73.31,28.85,192.10,5.90,28.67,37.13,27.12,58.52,88.61
20080612,1339.87,24.75,74.12,29.44,198.90,5.93,27.92,38.01,28.24,59.11,87.06
20080613,1360.03,24.62,75.12,29.78,204.80,6.20,28.02,39.58,29.07,59.18,88.36
20080616,1360.14,25.26,75.02,30.32,208.30,6.42,27.84,39.94,28.93,59.31,87.99
20080617,1350.93,25.91,74.38,29.24,204.60,6.52,27.74,39.04,28.80,58.69,88.62
20080618,1337.81,25.53,74.65,28.37,204.00,6.15,27.11,38.74,28.46,57.67,87.83
20080619,1342.83,25.84,76.95,28.14,201.70,6.24,26.82,38.65,28.93,57.69,85.79
20080620,1317.93,25.03,75.83,27.10,193.00,5.74,26.31,37.86,28.23,56.26,84.91
20080623,1318.00,24.73,75.59,25.88,185.50,5.22,26.33,36.87,27.97,56.64,87.70
20080624,1314.29,24.74,74.79,26.62,188.50,5.26,26.52,37.72,27.73,57.32,86.92
20080625,1321.97,25.34,69.64,26.61,188.50,5.18,26.90,37.91,28.35,58.12,87.60
20080626,1283.15,24.03,68.21,24.81,176.70,5.01,25.50,36.32,27.75,56.83,86.41
20080627,1278.38,24.29,66.92,24.59,172.50,4.92,25.24,35.05,27.63,56.30,86.55
20080630,1280.00,23.91,65.72,23.87,167.60,4.75,25.65,34.31,27.51,56.20,88.13
20080701,1284.91,24.95,65.45,23.81,171.30,4.65,26.06,34.02,26.87,57.03,88.35
20080702,1261.52,24.02,63.90,22.54,168.40,4.31,25.48,34.60,25.88,56.50,87.41
20080703,1262.90,24.30,64.47,22.40,168.20,4.37,25.86,35.31,25.98,56.60,88.27
20080707,1252.31,25.02,64.29,21.53,164.00,4.42,26.04,34.04,26.03,56.91,86.95
20080708,1273.70,25.64,65.92,23.54,173.90,4.84,26.97,35.77,25.85,59.11,85.94
20080709,1244.69,24.89,65.59,22.06,164.40,4.89,26.13,34.28,25.23,57.67,84.31
20080710,1253.39,25.23,65.99,22.36,162.80,4.52,26.56,34.51,25.45,57.21,86.06
20080711,1239.49,24.65,63.28,21.67,161.90,4.80,26.58,33.16,25.25,56.29,85.48
20080714,1228.30,24.83,63.19,20.15,152.20,4.60,26.12,31.69,25.15,56.31,85.42
20080715,1214.91,24.23,63.88,18.52,145.60,4.59,25.61,31.02,26.15,56.24,82.19
20080716,1245.36,24.68,65.58,22.67,164.40,5.42,26.60,35.94,27.26,56.96,80.81
20080717,1260.32,24.54,66.92,26.50,179.70,5.42,26.91,40.80,27.52,57.68,80.33
20080718,1260.68,23.59,68.14,27.49,193.50,5.37,26.91,40.02,25.86,57.92,81.54
20080721,1260.00,23.75,68.24,28.56,196.90,5.41,26.61,38.65,25.64,57.31,82.98
20080722,1277.00,23.14,69.26,32.35,208.90,5.77,27.39,40.86,25.80,59.06,82.86
20080723,1282.19,23.75,66.72,33.44,211.20,5.96,28.19,41.96,26.43,58.09,80.99
20080724,1252.54,22.71,62.53,30.64,190.60,5.05,27.59,39.14,25.44,56.97,80.80
20080725,1257.76,23.15,63.83,29.58,188.50,4.99,27.59,39.52,26.16,56.83,81.70
20080728,1234.37,22.05,62.34,28.06,174.30,4.69,26.61,37.66,25.50,56.02,80.68
20080729,1263.20,22.43,63.21,32.22,184.50,4.96,27.29,40.75,26.11,57.45,80.90
20080730,1284.26,22.83,63.82,33.61,188.10,4.78,27.84,41.57,26.23,58.56,84.38
20080731,1267.38,22.70,61.11,32.90,186.90,4.74,27.19,40.63,25.72,58.62,80.43
20080801,1260.31,22.37,62.01,33.33,188.70,4.59,27.11,40.76,25.44,57.75,79.72
20080804,1249.01,21.88,61.36,32.62,188.30,4.75,27.07,40.14,25.28,58.43,76.60
20080805,1284.88,22.94,65.20,33.58,199.20,5.03,28.11,41.89,26.21,60.34,78.35
20080806,1289.19,23.45,65.40,33.45,197.00,4.88,27.87,41.39,27.02,60.76,78.33
20080807,1266.07,23.36,64.69,31.52,184.70,4.80,27.46,39.81,27.39,56.96,77.44
20080808,1296.32,24.22,67.86,32.25,193.90,5.20,28.49,41.07,28.13,57.86,78.72
20080811,1305.32,24.79,66.62,33.38,198.20,5.10,28.78,41.89,27.90,58.56,78.16
20080812,1289.59,25.24,65.93,31.13,185.40,5.13,28.58,37.92,28.12,59.25,76.88
20080813,1285.83,25.61,64.26,28.86,178.10,4.82,28.17,36.91,27.91,57.88,78.17
20080814,1292.93,25.61,64.77,30.18,180.80,5.04,28.37,37.81,27.91,58.10,77.45
20080815,1298.20,25.10,64.45,30.70,185.50,5.05,28.64,38.07,27.81,59.37,77.07
20080818,1278.60,25.05,63.64,29.30,176.20,4.83,28.21,36.74,27.69,58.83,76.53
20080819,1266.69,24.78,62.95,28.08,171.90,4.66,27.59,35.58,27.32,58.25,77.95
20080820,1274.54,25.11,63.21,29.29,174.90,4.55,27.53,37.00,27.29,58.36,78.81
20080821,1277.72,24.89,63.55,29.04,174.70,4.37,27.63,36.26,27.18,58.50,80.35
20080822,1292.20,25.25,65.55,30.21,181.40,4.42,27.99,37.67,27.84,59.44,80.30
20080825,1266.84,24.64,64.07,28.96,176.10,4.36,27.22,36.13,27.66,58.55,78.71
20080826,1271.51,24.80,63.46,29.02,178.40,4.30,27.17,36.61,27.27,59.00,79.95
20080827,1281.66,24.95,64.52,29.65,181.20,4.21,27.12,37.14,27.56,59.29,80.47
20080828,1300.68,24.81,66.34,31.43,190.80,4.38,27.71,38.88,27.94,59.88,81.18
20080829,1282.83,24.21,65.56,31.14,189.90,4.41,27.01,38.49,27.29,59.07,80.01
20080902,1277.58,23.74,65.87,32.63,191.10,4.45,27.42,38.99,27.10,59.65,77.32
20080903,1274.98,23.85,66.07,32.96,196.10,4.51,27.46,39.71,26.90,59.79,78.02
20080904,1236.83,23.03,63.03,30.60,183.00,4.34,26.62,37.91,26.35,59.78,76.14
20080905,1242.31,22.88,62.89,32.23,190.70,4.36,26.79,39.60,25.65,60.74,75.62
20080908,1267.79,22.55,63.91,34.73,203.20,4.49,27.96,41.55,26.12,62.00,76.77
20080909,1224.51,21.66,64.02,32.52,188.80,4.35,27.03,39.47,26.10,61.13,73.26
20080910,1232.04,21.65,61.71,32.40,186.80,4.42,27.00,39.40,26.44,62.02,75.25
20080911,1249.05,21.80,62.57,33.06,186.10,4.62,27.06,41.65,27.34,63.17,75.56
20080912,1251.70,21.27,63.30,33.74,179.60,4.85,25.71,41.17,27.62,62.41,77.50
20080915,1192.70,20.05,62.25,26.55,152.40,4.68,23.64,37.00,26.82,61.63,73.25
20080916,1213.59,19.98,61.72,29.55,157.50,5.01,24.08,40.74,25.99,62.14,76.43
20080917,1156.39,18.26,57.00,27.20,140.30,4.88,22.48,35.77,24.57,59.64,75.28
20080918,1206.51,19.15,58.11,30.58,168.30,5.22,23.82,40.30,25.26,61.48,77.75
20080919,1255.08,20.12,59.76,37.48,206.50,5.23,25.58,47.05,25.16,59.70,79.61
20080922,1207.09,18.72,58.81,34.15,200.10,4.89,25.13,40.80,25.40,58.89,78.88
20080923,1188.22,18.11,57.31,33.30,199.90,4.80,23.98,40.56,25.44,58.40,77.69
20080924,1185.87,18.38,57.36,33.07,189.60,4.97,23.63,40.50,25.72,58.92,78.03
20080925,1209.18,18.84,57.42,34.37,194.10,4.92,24.68,43.46,26.61,60.12,80.67
20080926,1213.01,18.31,58.32,36.70,201.50,4.75,24.27,48.24,27.40,60.71,80.65
20080929,1106.39,15.03,55.47,30.25,177.50,4.12,22.20,41.00,25.01,58.45,74.06
20080930,1166.36,16.23,57.35,35.00,205.10,5.14,24.51,46.70,26.69,59.89,77.66
20081001,1161.06,15.58,56.62,38.13,230.00,4.49,23.55,49.63,26.48,59.66,78.58
20081002,1114.28,14.29,53.58,36.37,225.00,4.30,21.29,49.85,26.25,58.85,77.50
20081003,1099.23,13.86,53.83,34.48,183.50,4.00,20.73,45.90,26.32,59.73,77.94
20081006,1056.89,14.01,51.00,32.22,174.10,3.64,20.55,44.00,24.91,57.90,77.32
20081007,996.23,12.73,49.28,23.77,151.50,2.88,19.51,39.32,23.23,54.84,76.07
20081008,984.94,12.82,47.70,22.10,144.00,2.63,19.84,39.30,23.01,54.55,77.00
20081009,909.92,12.67,44.41,19.63,129.30,2.05,18.27,36.68,22.30,51.39,68.00
20081010,899.22,13.82,41.80,20.87,141.10,1.96,20.66,41.64,21.50,50.95,62.36
20081013,1003.35,15.75,47.08,22.79,157.50,2.36,20.18,41.99,25.50,54.50,73.08
20081014,998.01,14.86,45.07,26.53,186.20,2.42,20.04,40.71,24.10,54.44,72.46
20081015,907.84,13.99,42.33,23.82,162.30,2.27,18.50,38.49,22.66,50.05,62.35
20081016,946.43,14.55,44.79,24.25,159.00,2.24,19.11,40.49,24.19,54.62,69.45
20081017,940.55,13.91,44.55,23.24,148.80,2.40,18.86,39.33,23.93,53.77,68.04
20081020,985.40,14.06,46.71,24.40,150.90,2.30,19.35,40.66,24.72,54.43,74.99
20081021,955.05,13.06,46.40,23.97,141.80,2.14,19.56,39.74,23.36,53.67,71.50
20081022,896.78,13.83,42.91,22.66,133.20,2.07,18.22,37.17,21.53,52.27,64.57
20081023,908.11,14.03,46.52,23.00,131.10,1.97,18.07,37.85,22.32,52.76,70.39
20081024,876.77,13.76,45.24,21.07,121.40,1.98,17.13,35.43,21.96,51.40,69.04
20081027,848.92,13.15,42.36,20.53,117.30,2.00,17.04,34.00,21.18,49.67,66.09
20081028,940.51,14.27,48.91,23.02,134.70,2.12,18.73,37.60,23.10,55.17,74.86
20081029,930.09,14.93,49.80,22.32,129.10,2.13,18.45,35.71,23.00,55.02,74.65
20081030,954.09,15.86,50.70,22.78,131.10,2.25,18.60,37.62,22.63,54.75,75.05
20081031,968.75,15.36,52.27,24.17,136.50,2.16,18.75,41.25,22.33,55.81,74.12
20081103,966.30,15.27,52.85,23.61,139.90,2.10,18.55,40.73,22.62,55.97,74.29
20081104,1005.75,15.85,53.62,24.53,146.80,2.13,19.96,42.17,23.53,56.13,77.49
20081105,952.77,14.75,49.55,21.75,126.30,2.06,19.15,39.22,22.08,54.13,73.69
20081106,904.88,14.15,45.72,20.12,115.20,1.95,17.62,38.26,20.88,53.49,69.96
20081107,930.99,14.03,46.58,20.49,118.20,1.99,18.12,37.75,21.50,54.39,73.95
20081110,919.21,13.69,46.34,19.48,112.10,1.90,17.73,36.41,21.30,55.18,74.02
20081111,898.95,13.53,43.97,18.69,108.00,1.77,17.11,36.35,21.20,54.75,72.65
20081112,852.30,12.87,42.52,17.00,96.40,1.81,15.65,34.57,20.30,52.62,68.93
20081113,911.29,13.77,43.16,17.10,94.50,1.87,16.20,37.19,21.25,54.93,75.41
20081114,873.29,12.89,41.04,16.42,95.20,1.77,15.39,34.47,20.06,52.71,73.68
20081117,850.75,12.59,41.18,15.03,88.90,1.70,15.48,32.77,19.32,51.81,73.38
20081118,859.12,12.84,39.56,15.19,83.60,1.66,15.43,32.14,19.62,52.72,76.33
20081119,806.58,12.32,37.48,13.06,64.00,1.24,13.89,28.47,18.29,51.00,73.42
20081120,752.44,11.49,37.11,11.25,47.10,1.37,12.34,23.38,17.53,50.66,68.51
20081121,800.03,11.79,39.58,11.47,37.70,1.41,13.48,22.72,19.68,52.92,75.81
20081124,851.81,13.27,40.75,14.59,59.50,1.54,14.66,27.58,20.69,52.77,78.80
20081125,857.39,12.97,40.18,14.80,60.80,1.64,15.15,29.77,19.99,54.68,78.11
20081126,887.68,13.57,41.28,15.43,70.50,2.12,15.56,30.62,20.49,56.69,80.89
20081128,896.24,13.23,42.63,16.25,82.90,2.65,16.50,31.66,20.22,55.88,80.15
20081201,816.21,12.70,39.88,12.85,64.50,2.52,14.89,26.12,18.61,53.01,74.31
20081202,848.81,13.20,40.70,14.37,72.20,2.66,16.92,28.53,19.15,53.45,77.61
20081203,870.74,13.69,40.47,15.05,78.20,2.81,17.42,30.25,19.87,54.38,78.93
20081204,845.22,13.05,39.19,14.34,74.00,2.63,16.86,31.08,19.11,55.11,76.27
20081205,876.07,13.42,39.53,15.24,77.10,2.68,17.15,33.35,19.87,58.21,76.60
20081208,909.70,14.24,42.85,17.84,84.70,3.34,18.14,36.49,21.01,57.56,79.60
20081209,888.67,14.29,40.82,16.95,85.40,3.19,17.09,33.96,20.60,55.81,78.20
20081210,899.24,14.02,41.68,16.69,83.00,3.21,17.30,33.52,20.61,55.25,80.07
20081211,873.59,13.57,40.27,14.91,75.70,2.86,16.38,29.94,19.45,54.79,80.02
20081212,879.73,14.03,39.20,14.93,77.00,3.00,16.44,30.94,19.36,54.63,80.45
20081215,868.57,13.53,38.74,14.11,74.00,3.14,16.29,28.63,19.04,54.71,79.95
20081216,913.18,13.63,41.90,15.10,82.30,3.09,17.22,32.35,20.11,55.24,83.14
20081217,904.42,12.73,41.02,14.62,78.30,3.10,16.71,31.86,19.66,55.19,81.06
20081218,885.28,12.77,41.07,13.96,74.30,2.80,15.34,30.21,19.30,55.41,77.00
20081219,887.88,12.85,41.24,13.80,70.20,2.91,15.86,30.32,19.12,55.74,75.02
20081222,871.63,12.24,41.12,13.53,67.50,2.56,15.44,29.82,19.18,55.99,74.91
20081223,863.16,12.33,40.15,12.75,65.20,2.16,15.79,29.11,19.28,55.29,75.10
20081224,868.15,12.14,40.12,13.53,67.80,2.08,15.48,29.85,19.17,55.44,75.78
20081226,872.80,12.25,40.53,13.36,67.30,2.26,15.35,29.80,19.13,55.35,77.19
20081229,869.42,12.37,39.99,12.94,65.70,2.19,15.05,29.78,18.96,55.11,78.02
20081230,890.64,12.32,41.25,13.24,68.00,2.26,15.20,31.01,19.34,55.05,78.59
20081231,903.25,12.19,42.67,14.08,67.10,2.26,15.57,31.53,19.44,56.06,79.83
20090102,931.80,12.96,45.25,14.33,71.40,2.43,16.40,31.35,20.33,57.18,81.64
20090105,927.45,13.51,46.17,13.98,70.80,2.55,15.98,29.25,20.52,56.52,81.63
20090106,934.70,13.28,46.31,14.28,74.60,2.72,16.20,29.88,20.76,56.02,80.30
20090107,906.65,13.00,44.76,13.71,71.50,2.65,15.48,28.09,19.51,55.54,78.25
20090108,909.73,13.24,44.79,13.54,71.60,2.65,15.51,27.22,20.12,51.38,79.09
20090109,890.35,12.93,44.45,12.99,67.50,2.60,15.38,25.97,19.52,51.58,77.57
20090112,870.26,12.66,43.74,11.43,56.00,2.61,15.21,24.91,19.47,51.39,76.54
20090113,871.79,12.52,42.46,10.65,59.00,2.45,14.36,26.35,19.82,52.12,77.92
20090114,842.62,12.18,41.20,10.20,45.30,2.23,13.56,25.91,19.09,51.56,75.10
20090115,843.74,11.91,40.96,8.32,38.30,2.20,13.23,24.34,19.24,51.35,76.66
20090116,850.12,11.76,42.46,7.18,35.00,2.16,13.41,22.82,19.71,51.56,78.10
20090120,805.22,11.17,40.36,5.10,28.00,2.10,12.42,18.09,18.48,50.56,76.29
20090121,840.24,11.83,42.27,6.68,36.70,2.06,12.52,22.63,19.38,49.14,79.26
20090122,827.50,12.62,42.26,5.71,31.10,1.91,12.95,23.10,17.11,48.87,78.23
20090123,831.95,12.62,41.98,6.24,34.70,1.77,11.56,24.28,17.20,48.35,78.04
20090126,836.57,12.80,43.01,6.00,33.30,1.91,11.93,24.50,17.63,48.60,78.60
20090127,845.71,12.96,43.22,6.50,35.50,1.94,12.55,25.06,17.66,48.79,78.92
20090128,874.09,13.45,43.24,7.39,42.10,2.00,12.97,27.66,18.04,48.73,79.25
20090129,845.14,13.28,40.71,6.78,39.00,1.92,12.22,25.43,17.59,47.86,76.80
20090130,825.88,12.87,42.31,6.58,35.50,1.84,11.65,25.51,17.10,47.12,76.48
20090202,825.44,13.07,40.80,6.00,36.50,1.85,11.16,25.20,17.83,46.57,76.69
20090203,838.51,13.28,42.09,5.30,34.60,1.93,10.92,24.05,18.50,47.81,78.12
20090204,832.23,13.36,41.97,4.70,34.90,1.92,10.82,24.04,18.63,46.42,77.66
20090205,845.85,13.77,42.72,4.84,35.30,1.90,10.42,24.54,19.04,48.56,79.78
20090206,868.60,14.24,42.92,6.13,39.10,1.91,10.66,27.63,19.66,49.63,80.34
20090209,869.89,14.64,42.80,6.89,39.50,1.87,12.15,27.28,19.44,49.28,79.48
20090210,827.16,13.97,40.21,5.56,33.50,1.79,11.16,24.62,18.80,47.72,76.14
20090211,833.74,13.83,40.33,6.07,36.90,1.82,11.47,26.09,19.21,48.23,74.58
20090212,835.19,14.18,39.86,5.87,36.10,1.77,11.22,26.19,19.26,48.13,75.22
20090213,826.84,14.16,40.48,5.57,34.90,1.74,10.99,24.69,19.09,46.53,74.59
20090217,789.17,13.50,38.43,4.90,30.60,1.67,10.39,21.65,18.09,48.24,71.28
20090218,788.42,13.48,37.98,4.57,29.10,1.65,10.43,21.51,18.12,50.00,71.94
20090219,778.94,12.94,37.57,3.93,25.10,1.61,9.67,20.60,17.91,50.45,72.16
20090220,770.05,13.02,36.31,3.79,19.50,1.56,9.01,19.90,18.00,50.02,71.23
20090223,743.33,12.42,34.46,3.91,21.40,1.71,8.50,19.51,17.21,48.88,69.30
20090224,773.14,12.89,35.44,4.73,26.00,1.97,8.72,21.02,17.17,50.01,72.09
20090225,764.90,13.02,33.91,5.16,25.20,1.98,8.66,21.73,16.96,49.21,72.05
20090226,752.83,12.74,32.71,5.32,24.60,1.95,8.74,23.05,16.42,48.25,70.95
20090227,735.09,12.75,31.44,3.95,15.00,1.97,8.18,22.85,16.15,49.24,67.90
20090302,700.82,12.56,29.51,3.63,12.00,1.85,7.30,21.16,15.79,48.04,64.91
20090303,696.33,12.62,29.36,3.65,12.20,1.78,6.73,21.01,15.88,47.38,64.36
20090304,712.87,13.02,30.31,3.59,11.30,1.84,6.43,19.30,16.12,48.49,65.68
20090305,682.55,12.69,29.39,3.17,10.20,1.78,6.40,16.60,15.27,49.75,62.22
20090306,683.38,12.18,30.10,3.14,10.30,1.68,6.78,15.93,15.28,48.91,64.03
20090309,676.53,11.87,31.00,3.75,10.50,1.72,7.12,15.90,15.15,47.51,64.57
20090310,719.60,12.66,33.01,4.79,14.50,1.82,8.52,19.50,16.48,48.67,67.39
20090311,721.36,13.23,33.27,4.93,15.40,1.93,8.16,20.40,17.11,47.46,65.77
20090312,750.74,13.76,33.63,5.85,16.70,2.07,9.19,23.20,17.01,48.94,67.15
20090313,756.55,13.70,33.40,5.76,17.80,2.16,9.24,23.75,16.65,49.19,67.20
20090316,753.89,13.63,33.83,6.18,23.30,2.07,9.28,23.09,16.25,48.80,66.97
20090317,778.12,14.23,34.44,6.27,25.10,2.25,9.61,25.14,16.90,50.00,69.09
20090318,794.35,14.50,33.75,7.67,30.80,2.44,9.92,27.11,16.96,50.44,69.17
20090319,784.04,14.51,33.19,6.93,26.00,2.48,9.73,24.95,17.14,49.95,68.33
20090320,768.54,14.51,32.55,6.19,26.20,2.71,9.17,23.15,17.06,49.59,66.09
20090323,822.92,15.37,35.50,7.80,31.30,2.86,10.02,28.86,18.33,51.48,70.53
20090324,806.12,15.21,36.11,7.15,30.20,2.78,9.96,26.22,17.93,51.05,69.35
20090325,813.88,15.21,37.06,7.70,29.50,2.73,10.08,28.56,17.88,51.68,70.16
20090326,832.86,15.69,38.66,7.58,28.10,2.90,10.47,29.10,18.83,52.76,71.23
20090327,815.94,15.26,37.53,7.34,26.20,2.80,10.36,27.40,18.13,52.57,69.98
20090330,787.53,14.92,35.52,6.03,23.10,2.72,9.54,24.85,17.48,51.76,68.63
20090331,797.87,15.01,35.58,6.82,25.30,2.60,9.71,26.58,18.37,52.10,68.10
20090401,811.08,15.52,35.44,7.05,26.80,2.70,9.77,28.14,19.31,52.82,69.23
20090402,834.38,16.10,37.20,7.24,27.40,2.87,10.32,28.16,19.29,53.64,70.25
20090403,842.50,16.56,37.69,7.60,28.50,3.21,10.51,29.28,18.75,53.80,70.44
20090406,835.48,16.92,38.16,7.48,27.20,3.72,10.75,28.20,18.76,53.43,70.05
20090407,815.55,16.42,36.64,7.36,27.60,3.45,10.23,27.25,18.76,52.39,68.71
20090408,825.16,16.61,36.87,7.06,27.00,3.90,10.22,27.43,19.19,52.61,68.96
20090409,856.56,17.08,39.15,9.55,30.40,4.19,10.89,32.75,19.67,50.66,69.84
20090413,858.73,17.17,37.15,11.02,38.00,4.21,11.65,33.70,19.59,51.53,68.02
20090414,841.50,16.90,37.04,10.09,40.10,4.25,11.06,30.70,19.35,51.12,67.70
20090415,852.06,16.80,37.57,10.44,39.70,3.99,11.37,32.56,18.83,51.29,68.14
20090416,865.30,17.34,38.39,10.34,40.10,4.11,11.79,33.24,19.76,50.78,67.41
20090417,869.60,17.63,38.32,10.60,36.50,3.95,11.90,33.26,19.20,50.20,66.75
20090420,832.39,17.21,36.48,8.02,29.40,3.64,10.91,29.69,18.61,49.27,65.29
20090421,850.08,17.39,36.65,8.76,32.40,3.75,11.24,32.53,18.97,49.83,66.23
20090422,843.55,17.35,37.30,8.26,32.50,4.23,11.34,31.90,18.78,48.96,64.75
20090423,851.92,17.91,37.93,8.82,32.00,4.43,11.41,33.21,18.92,48.86,65.71
20090424,866.23,17.69,38.72,9.10,31.90,4.94,11.64,33.38,20.91,47.87,66.57
20090427,857.51,17.81,39.47,8.92,30.70,5.05,11.62,32.78,20.40,48.51,66.13
20090428,855.16,17.70,38.85,8.15,28.90,5.13,11.53,32.79,19.93,48.47,67.08
20090429,873.64,17.87,40.55,8.68,31.20,5.38,11.74,34.48,20.25,50.45,68.44
20090430,872.81,17.97,40.05,8.93,30.50,5.91,12.15,33.00,20.26,50.40,66.67
20090501,877.52,18.17,41.21,8.70,29.70,5.62,12.19,32.49,20.24,50.05,68.01
20090504,907.24,18.86,42.15,10.38,32.00,5.83,12.59,35.79,20.19,50.90,68.12
20090505,903.80,18.95,43.15,10.84,33.10,5.78,12.59,34.82,19.79,50.46,67.65
20090506,919.53,18.92,44.20,12.69,38.60,6.19,13.14,37.22,19.79,49.51,68.58
20090507,907.39,18.43,43.53,13.51,38.10,5.99,13.41,35.24,19.32,49.89,68.93
20090508,929.23,18.45,45.83,14.17,40.20,6.17,13.96,38.94,19.42,50.14,70.80
20090511,909.24,18.50,44.72,12.94,38.60,6.01,13.64,35.83,19.32,50.63,69.27
20090512,908.35,17.77,44.10,12.26,36.60,4.95,13.14,35.36,19.89,50.90,70.82
20090513,883.92,17.06,42.95,11.01,34.10,4.90,12.40,34.05,19.75,50.03,69.77
20090514,893.07,17.56,43.44,11.31,35.50,5.10,12.53,35.54,20.06,49.10,69.76
20090515,882.88,17.48,43.00,10.67,34.80,5.42,12.36,34.91,20.22,48.15,69.11
20090518,909.71,18.09,44.37,11.73,36.40,5.43,12.94,37.26,20.60,49.92,70.50
20090519,908.13,18.20,44.62,11.25,37.70,5.56,13.16,35.81,20.31,49.36,70.52
20090520,903.47,17.98,44.58,11.49,36.90,5.34,13.23,34.55,20.38,48.94,69.61
20090521,888.33,17.73,43.29,11.41,37.20,5.27,12.72,34.90,19.82,49.11,68.39
20090522,887.00,17.49,42.94,11.07,36.70,5.20,12.59,34.41,19.75,49.25,68.83
20090526,910.33,18.68,44.16,10.98,37.70,5.33,12.87,36.54,20.34,50.00,69.81
20090527,893.06,19.00,43.57,10.91,37.00,5.28,12.48,34.66,20.13,49.32,68.30
20090528,906.83,19.29,44.32,11.30,36.70,5.49,12.67,36.65,20.45,49.55,69.23
20090529,919.14,19.40,44.85,11.27,37.20,5.68,12.95,36.90,20.89,49.74,69.35
20090601,942.87,19.90,47.70,11.21,36.90,6.06,13.32,36.11,21.40,50.59,71.76
20090602,944.74,19.92,49.20,11.41,35.10,6.33,13.26,34.50,21.40,49.93,72.92
20090603,931.76,20.13,48.37,11.21,33.90,6.11,12.97,33.98,21.73,50.88,72.08
20090604,942.46,20.53,50.57,11.87,35.70,6.28,13.21,35.35,21.83,50.87,72.98
20090605,940.09,20.66,52.65,11.86,34.60,6.28,13.01,34.55,22.14,51.07,72.97
20090608,939.14,20.54,52.83,12.06,34.20,6.30,13.03,35.39,22.05,50.81,73.17
20090609,942.43,20.38,52.35,12.06,34.10,6.19,13.04,35.26,22.08,50.61,73.12
20090610,939.15,20.03,52.30,11.98,34.80,6.12,12.88,34.84,22.55,50.06,73.84
20090611,944.89,19.99,50.66,12.97,34.80,5.91,12.93,34.94,22.83,49.32,74.05
20090612,946.21,19.56,51.44,13.72,34.70,6.04,12.98,35.13,23.33,49.84,73.78
20090615,923.72,19.44,49.52,13.33,33.70,5.86,12.64,34.00,23.42,48.46,72.81
20090616,911.97,19.47,48.83,12.73,32.50,5.60,12.28,33.50,23.45,48.25,71.63
20090617,910.71,19.36,48.55,12.30,30.80,5.64,11.77,32.73,23.68,48.56,71.42
20090618,918.37,19.41,48.96,12.90,31.30,5.61,11.50,34.17,23.50,48.68,71.44
20090619,921.23,19.92,48.44,13.22,31.70,5.65,11.63,35.00,24.07,48.17,71.05
20090622,893.04,19.62,46.90,11.94,30.00,5.31,11.07,32.87,23.28,48.59,68.84
20090623,895.10,19.14,43.87,12.23,30.10,5.46,11.15,33.57,23.34,48.35,68.95
20090624,900.94,19.45,41.32,12.35,30.40,5.56,11.24,33.46,23.47,48.51,68.45
20090625,920.26,19.97,42.53,12.35,30.30,5.61,11.40,34.14,23.79,49.15,69.88
20090626,918.90,20.34,41.88,12.75,30.30,5.54,11.29,34.45,23.35,48.63,69.05
20090629,927.23,20.28,42.65,13.19,30.20,5.71,11.30,34.60,23.86,48.76,70.58
20090630,919.32,20.34,42.50,13.20,29.70,6.00,11.26,34.11,23.77,48.44,69.91
20090701,923.33,20.40,42.23,13.05,29.70,5.84,11.32,33.77,24.04,48.37,70.56
20090702,896.42,20.00,40.83,12.64,28.80,5.82,11.01,32.27,23.37,47.79,68.49
20090706,898.72,19.80,40.56,12.15,27.90,5.68,11.03,32.60,23.20,47.73,68.10
20090707,881.03,19.34,39.04,12.15,26.90,5.46,10.58,32.81,22.53,47.84,66.56
20090708,879.56,19.60,39.55,11.84,26.20,5.29,10.29,32.71,22.56,48.37,66.26
20090709,882.68,19.47,39.30,11.97,26.90,5.56,10.43,33.62,22.44,48.08,65.97
20090710,879.13,19.78,39.65,11.88,25.90,5.65,10.36,32.34,22.39,47.57,65.12
20090713,901.05,20.33,40.44,12.99,27.80,5.62,11.01,34.71,23.23,47.83,65.70
20090714,905.84,20.32,40.41,12.91,29.20,5.77,11.18,34.70,23.11,48.13,66.22
20090715,932.68,20.98,41.36,13.42,31.70,5.98,11.76,36.26,24.12,48.55,68.44
20090716,940.74,21.07,42.05,13.17,30.30,6.06,11.91,36.13,24.44,48.51,68.46
20090717,940.38,21.67,41.36,12.89,30.20,6.07,11.19,36.89,24.29,48.49,68.52
20090720,951.13,21.84,42.20,12.24,27.90,6.12,11.21,36.98,24.53,48.82,68.94
20090721,954.58,21.64,43.02,12.19,26.50,6.13,11.02,36.94,24.83,48.86,70.47
20090722,954.07,22.39,42.00,12.23,28.00,6.30,11.17,36.83,24.80,49.17,69.99
20090723,976.29,22.54,41.95,12.69,27.70,6.90,11.48,38.15,25.56,48.76,71.61
20090724,979.26,22.85,42.37,12.51,27.30,6.70,11.56,37.92,23.45,48.94,72.29
20090727,982.18,22.87,42.24,13.09,26.90,7.18,11.84,38.13,23.11,48.97,72.75
20090728,979.62,22.85,43.25,13.34,29.70,7.06,12.03,38.08,23.47,48.92,71.89
20090729,975.15,22.86,43.37,13.52,32.20,7.04,11.78,37.77,23.80,49.37,71.43
20090730,986.75,23.25,43.24,13.97,31.40,7.30,12.60,38.47,23.81,49.98,70.72
20090731,987.48,23.34,42.91,14.79,31.70,7.91,12.88,38.65,23.52,49.88,70.39
20090803,1002.63,23.77,43.79,15.32,31.80,8.23,13.18,39.60,23.83,49.84,70.65
20090804,1005.65,23.64,44.16,15.64,32.50,8.20,13.28,40.21,23.77,49.85,70.60
20090805,1002.72,23.58,44.03,16.66,35.80,8.34,13.44,41.78,23.81,49.20,70.03
20090806,997.08,23.41,45.52,16.70,38.00,7.97,13.75,40.75,23.46,48.98,69.73
20090807,1010.48,23.64,46.69,16.42,38.50,7.92,14.13,42.36,23.56,49.29,69.47
20090810,1007.10,23.53,45.77,16.68,39.40,7.63,14.00,42.69,23.42,49.72,69.18
20090811,994.35,23.26,45.39,15.85,36.90,7.72,13.44,41.24,23.13,50.04,68.13
20090812,1005.81,23.61,46.34,15.93,39.80,7.61,13.58,42.21,23.53,50.51,69.11
20090813,1012.73,24.05,46.62,17.00,40.60,7.81,13.55,42.90,23.62,51.88,68.75
20090814,1004.09,23.82,44.87,17.39,40.40,7.74,13.38,42.45,23.69,51.79,68.21
20090817,979.73,22.79,44.16,16.56,40.00,7.28,12.84,40.73,23.25,51.57,66.55
20090818,989.67,23.42,43.78,16.90,41.40,7.55,13.06,41.70,23.58,51.36,66.49
20090819,996.46,23.51,43.52,16.75,41.30,7.56,13.00,41.41,23.65,51.67,68.00
20090820,1007.37,23.76,44.74,17.14,44.80,7.59,13.27,42.42,23.67,51.71,68.59
20090821,1026.13,24.17,45.87,17.46,47.00,7.65,13.65,43.66,24.41,51.36,69.92
20090824,1025.57,24.15,47.13,17.35,48.20,7.32,13.64,43.01,24.64,51.55,71.30
20090825,1028.00,24.19,48.25,17.75,47.50,7.50,13.74,43.58,24.64,51.67,70.68
20090826,1028.12,23.91,47.82,17.79,46.30,7.52,13.56,43.30,24.55,51.80,71.37
20090827,1030.98,24.20,51.82,17.92,50.50,7.58,13.64,43.45,24.69,51.24,70.86
20090828,1028.93,24.29,51.04,17.98,52.30,7.64,13.53,42.92,24.68,51.13,70.12
20090831,1020.62,24.02,49.67,17.59,50.00,7.51,13.36,43.46,24.65,50.87,69.15
20090901,998.04,23.61,48.77,16.46,45.40,7.15,12.82,41.67,24.00,50.97,68.41
20090902,994.75,23.59,48.40,16.27,45.60,6.95,12.68,40.86,23.86,50.92,68.18
20090903,1003.24,23.79,48.46,16.84,47.70,7.39,12.92,42.11,24.11,51.74,68.26
20090904,1016.40,24.32,49.15,17.09,48.50,7.34,13.33,42.34,24.62,51.68,69.18
20090908,1025.39,24.70,49.50,17.02,46.80,7.21,13.93,42.54,24.82,51.40,70.65
20090909,1033.37,24.44,50.53,17.04,46.60,7.30,14.29,42.86,24.78,51.11,70.50
20090910,1044.14,24.65,50.49,17.22,47.50,7.35,14.22,43.02,25.00,51.03,70.65
20090911,1042.73,24.59,51.35,16.97,46.10,7.24,14.10,42.50,24.86,50.72,69.98
20090914,1049.34,24.81,50.97,16.99,45.20,7.30,14.75,43.75,25.00,50.38,70.00
20090915,1052.63,25.02,52.07,16.79,41.20,7.11,15.38,43.19,25.20,49.93,69.49
20090916,1068.76,25.98,52.36,17.25,42.00,7.07,16.34,44.65,25.20,50.04,70.34
20090917,1065.49,26.36,52.88,17.61,44.20,6.84,16.01,44.96,25.30,49.96,69.84
20090918,1068.30,26.43,53.02,17.63,42.60,6.86,15.86,44.95,25.26,50.11,69.99
20090921,1064.66,26.28,52.86,17.25,44.30,6.75,16.11,44.55,25.30,50.91,69.57
20090922,1071.66,26.35,53.14,17.61,46.50,6.93,16.35,46.47,25.77,50.99,69.83
20090923,1060.87,26.49,52.37,17.50,45.20,7.27,16.34,45.06,25.71,50.40,69.00
20090924,1050.78,26.25,51.79,16.98,44.30,7.24,15.93,44.37,25.94,50.70,68.93
20090925,1044.38,26.05,51.52,16.60,43.80,7.20,15.73,43.65,25.55,49.47,68.70
20090928,1062.98,26.59,53.07,17.22,45.70,7.40,16.11,44.81,25.83,49.50,69.59
20090929,1060.61,26.48,54.62,17.16,47.00,7.36,16.06,44.88,25.75,49.23,69.07
20090930,1057.08,26.47,54.15,16.92,48.40,7.12,15.78,43.82,25.72,49.09,68.61
20091001,1029.85,25.83,52.11,16.21,45.30,6.89,15.35,41.37,24.88,49.00,67.27
20091002,1025.21,26.41,51.40,16.34,45.20,6.76,14.76,41.86,24.96,49.08,66.58
20091005,1040.46,26.57,52.28,16.96,46.70,6.97,15.21,43.80,24.64,49.06,67.58
20091006,1054.72,27.14,52.29,17.00,46.70,7.06,15.45,44.91,25.11,49.48,68.66
20091007,1057.58,27.17,51.79,17.35,46.40,7.05,15.53,45.70,25.10,49.49,68.67
20091008,1065.48,27.03,52.30,17.33,46.50,7.09,15.59,45.30,25.67,49.74,69.05
20091009,1071.49,27.20,52.69,17.50,46.30,7.04,15.55,45.85,25.55,49.97,69.27
20091012,1076.19,27.25,51.66,18.03,47.70,7.53,15.69,46.08,25.72,49.61,70.13
20091013,1073.19,27.14,51.90,17.81,48.30,7.53,15.75,45.66,25.81,50.34,70.26
20091014,1092.02,27.32,52.51,18.59,50.00,7.57,16.18,47.16,25.96,50.19,71.84
20091015,1096.56,27.22,51.76,18.10,47.50,7.57,16.13,47.16,26.71,50.95,72.94
20091016,1087.68,26.86,53.19,17.26,45.90,7.33,15.45,46.06,26.50,51.22,73.12
20091019,1097.91,27.12,53.45,17.16,45.40,7.48,15.22,45.98,26.36,51.89,73.62
20091020,1091.06,28.39,51.89,17.01,44.30,7.62,14.97,46.03,26.37,51.70,73.02
20091021,1081.40,29.27,50.63,16.51,44.20,7.69,14.92,44.65,26.58,50.63,73.31
20091022,1092.91,29.31,51.07,16.52,44.60,7.67,14.74,45.71,26.59,50.48,74.44
20091023,1079.60,29.13,49.89,16.22,44.60,7.54,14.61,45.23,28.02,50.44,73.57
20091026,1066.95,28.92,48.29,15.40,42.70,7.38,14.42,43.82,28.68,49.84,73.23
20091027,1063.41,28.19,47.75,15.45,42.70,7.24,14.35,43.90,28.59,49.87,74.91
20091028,1042.63,27.48,47.22,15.01,40.80,6.88,13.86,42.68,28.02,49.90,73.84
20091029,1066.11,28.04,48.81,15.73,43.10,7.21,14.29,44.35,28.22,50.40,73.96
20091030,1036.19,26.92,47.80,14.58,40.90,6.92,13.70,41.77,27.73,49.68,71.67
20091102,1042.88,27.04,48.27,14.63,39.90,7.49,13.90,42.58,27.88,50.28,72.15
20091103,1045.41,26.96,48.10,14.80,40.40,7.35,13.76,42.70,27.53,49.90,71.74
20091104,1046.50,27.25,48.07,14.70,39.70,7.18,13.64,42.21,28.06,50.38,71.30
20091105,1066.63,27.71,49.77,15.13,40.60,7.36,13.87,43.87,28.47,51.28,72.50
20091106,1069.30,27.76,49.68,15.05,40.60,7.66,14.73,43.48,28.52,51.25,72.58
20091109,1093.08,28.77,51.35,15.77,41.90,8.08,15.23,44.35,28.99,52.00,72.85
20091110,1093.01,28.99,50.32,16.03,41.80,8.14,15.16,44.17,29.01,52.31,72.61
20091111,1098.51,29.03,50.68,16.43,41.60,8.23,15.21,44.32,29.12,52.97,72.91
20091112,1087.24,28.85,50.28,16.06,40.60,8.10,15.13,43.30,29.36,53.24,71.90
20091113,1093.48,29.20,50.68,15.98,40.50,8.31,15.05,42.90,29.63,53.20,72.47
20091116,1109.30,29.51,52.48,15.87,41.80,8.61,15.38,43.04,29.54,53.16,74.43
20091117,1110.32,29.57,52.53,15.77,42.40,8.87,15.39,43.16,30.00,53.66,75.03
20091118,1109.80,29.42,52.02,16.35,42.90,8.84,15.46,43.38,30.11,54.15,75.27
20091119,1094.90,28.64,51.43,16.08,42.00,8.63,15.14,42.55,29.78,54.54,74.65
20091120,1091.38,28.55,51.70,16.09,42.00,8.54,14.98,42.46,29.62,54.28,74.38
20091123,1106.24,29.41,52.63,16.29,42.80,8.63,15.39,43.28,29.94,54.68,75.70
20091124,1105.65,29.20,51.97,16.10,42.10,8.71,15.49,42.48,29.91,54.85,75.97
20091125,1110.63,29.16,52.93,15.95,41.70,8.71,15.55,42.16,29.79,54.96,76.47
20091127,1091.49,28.65,52.45,15.47,40.60,8.63,15.32,41.33,29.22,54.63,74.87
20091130,1095.63,28.55,52.41,15.85,41.10,8.79,15.39,42.49,29.41,54.55,75.07
20091201,1108.86,28.13,53.72,15.90,41.00,8.78,15.54,42.22,30.01,54.75,76.04
20091202,1109.24,28.03,53.78,15.65,41.00,8.90,15.44,41.93,29.78,54.57,75.79
20091203,1099.92,28.06,53.77,15.76,40.50,8.84,15.38,41.40,29.83,54.44,74.99
20091204,1105.98,27.61,54.68,16.28,41.20,8.84,15.57,41.74,29.98,54.24,74.25
20091207,1103.25,26.99,55.82,15.89,40.30,8.81,15.45,41.25,29.79,54.93,73.77
20091208,1091.94,27.12,55.66,15.41,39.10,8.72,15.11,41.21,29.57,54.41,72.95
20091209,1095.95,28.25,55.47,15.39,38.60,8.76,15.05,41.19,29.71,54.07,72.79
20091210,1102.35,28.06,55.01,15.21,38.70,8.94,15.00,41.27,29.87,54.69,72.40
20091211,1106.41,27.80,55.60,15.63,39.50,8.89,15.30,40.96,29.85,54.65,72.83
20091214,1114.11,28.13,56.05,15.63,37.00,8.97,15.33,41.77,30.11,54.07,69.69
20091215,1107.93,27.73,55.67,15.19,35.60,9.28,15.13,40.86,30.02,53.98,69.17
20091216,1109.18,27.86,55.13,15.28,34.50,9.38,15.08,41.36,30.10,53.32,68.43
20091217,1096.08,27.40,54.47,14.86,32.00,9.28,15.17,40.27,29.60,52.76,68.22
20091218,1102.47,27.91,53.44,15.03,34.00,9.57,14.98,40.95,30.36,52.85,68.21
20091221,1114.05,28.31,54.30,15.28,34.20,9.56,14.96,41.90,30.52,53.40,68.51
20091222,1118.02,28.62,55.10,15.33,33.40,9.78,14.88,41.94,30.82,53.34,68.57
20091223,1120.59,28.87,54.96,15.19,32.90,9.96,14.81,41.56,30.92,53.32,68.26
20091224,1126.48,29.86,55.48,15.25,33.50,10.01,14.84,41.89,31.00,53.60,68.66
20091228,1127.78,30.22,55.14,15.29,33.90,10.08,14.74,41.72,31.17,53.98,69.08
20091229,1126.20,29.87,55.21,15.12,33.70,9.99,14.84,41.49,31.39,54.11,68.84
20091230,1126.42,30.23,54.96,15.07,33.20,9.87,14.75,41.53,30.96,54.30,68.77
20091231,1115.10,30.10,54.13,15.06,33.10,9.88,14.54,41.67,30.48,53.45,68.19
